nr;titel;bestand;bron_url;gebruikte_url;categorie;type;organisatie;status_bron;ophaaldatum;woorden;koppen;resultaat
1;Verordening (EG) 261/2004 – rechten luchtreizigers;01_verordening_eg_2612004_rechten_luchtreizigers.md;https://eur-lex.europa.eu/eli/reg/2004/261/oj;;Wetgeving;verordening;EUR-Lex;"geldig; herziening aangenomen zomer 2026, toepassing verwacht 2027 (verifieer)";2026-09-30;4797;19;bestaat_al
2;Verordening (EG) 1107/2006 – luchtreizigers met beperkte mobiliteit;02_verordening_eg_11072006_luchtreizigers_met_beperkte_mobiliteit.md;https://eur-lex.europa.eu/eli/reg/2006/1107/oj;;Wetgeving;verordening;EUR-Lex;geldig;2026-09-30;5865;18;bestaat_al
3;Verordening (EG) 2027/97 – aansprakelijkheid luchtvaartmaatschappijen bij ongevallen;03_verordening_eg_202797_aansprakelijkheid_luchtvaartmaatschappijen_bij_ongevallen.md;https://eur-lex.europa.eu/eli/reg/1997/2027/oj;;Wetgeving;verordening;EUR-Lex;geldig (gewijzigd door 889/2002);2026-09-30;1916;8;bestaat_al
4;Verordening (EG) 889/2002 – wijziging 2027/97 (Verdrag van Montreal);04_verordening_eg_8892002_wijziging_202797_verdrag_van_montreal.md;https://eur-lex.europa.eu/eli/reg/2002/889/oj;;Wetgeving;verordening;EUR-Lex;geldig;2026-09-30;2599;2;bestaat_al
5;Verordening (EG) 1008/2008 – exploitatie luchtdiensten (prijstransparantie);05_verordening_eg_10082008_exploitatie_luchtdiensten_prijstransparantie.md;https://eur-lex.europa.eu/eli/reg/2008/1008/oj;;Wetgeving;verordening;EUR-Lex;geldig;2026-09-30;10301;33;bestaat_al
6;Verordening (EG) 2111/2005 – identiteit uitvoerende luchtvaartmaatschappij;06_verordening_eg_21112005_identiteit_uitvoerende_luchtvaartmaatschappij.md;https://eur-lex.europa.eu/eli/reg/2005/2111/oj;;Wetgeving;verordening;EUR-Lex;geldig;2026-09-30;4801;21;bestaat_al
7;Verordening (EU) 2021/782 – rechten en plichten treinreizigers;07_verordening_eu_2021782_rechten_en_plichten_treinreizigers.md;https://eur-lex.europa.eu/eli/reg/2021/782/oj;;Wetgeving;verordening;EUR-Lex;geldig;2026-09-30;23723;126;bestaat_al
8;Verordening (EG) 1371/2007 – treinreizigers (oude versie);08_verordening_eg_13712007_treinreizigers_oude_versie.md;https://eur-lex.europa.eu/eli/reg/2007/1371/oj;;Wetgeving;verordening;EUR-Lex;ingetrokken (vervangen door 2021/782, verifieer datum);2026-09-30;14780;120;bestaat_al
9;Verordening (EU) 1177/2010 – rechten passagiers over zee en binnenwateren;09_verordening_eu_11772010_rechten_passagiers_over_zee_en_binnenwateren.md;https://eur-lex.europa.eu/eli/reg/2010/1177/oj;;Wetgeving;verordening;EUR-Lex;geldig;2026-09-30;8987;37;bestaat_al
10;Verordening (EU) 181/2011 – rechten passagiers bus en touringcar;10_verordening_eu_1812011_rechten_passagiers_bus_en_touringcar.md;https://eur-lex.europa.eu/eli/reg/2011/181/oj;;Wetgeving;verordening;EUR-Lex;geldig;2026-09-30;7629;41;bestaat_al
11;Richtlijn (EU) 2015/2302 – pakketreizen en gekoppelde reisarrangementen;11_richtlijn_eu_20152302_pakketreizen_en_gekoppelde_reisarrangementen.md;https://eur-lex.europa.eu/eli/dir/2015/2302/oj;;Wetgeving;richtlijn;EUR-Lex;geldig (herziening in voorbereiding, verifieer);2026-09-30;18318;42;bestaat_al
12;Richtlijn 90/314/EEG – pakketreizen (oude versie);12_richtlijn_90314eeg_pakketreizen_oude_versie.md;https://eur-lex.europa.eu/eli/dir/1990/314/oj;;Wetgeving;richtlijn;EUR-Lex;ingetrokken (vervangen door 2015/2302, verifieer datum);2026-09-30;3688;9;bestaat_al
13;Richtlijn 2011/83/EU – consumentenrechten;13_richtlijn_201183eu_consumentenrechten.md;https://eur-lex.europa.eu/eli/dir/2011/83/oj;;Wetgeving;richtlijn;EUR-Lex;geldig;2026-09-30;17690;43;bestaat_al
14;Richtlijn 93/13/EEG – oneerlijke bedingen;14_richtlijn_9313eeg_oneerlijke_bedingen.md;https://eur-lex.europa.eu/eli/dir/1993/13/oj;;Wetgeving;richtlijn;EUR-Lex;geldig;2026-09-30;3544;11;bestaat_al
15;Richtlijn 2005/29/EG – oneerlijke handelspraktijken;15_richtlijn_200529eg_oneerlijke_handelspraktijken.md;https://eur-lex.europa.eu/eli/dir/2005/29/oj;;Wetgeving;richtlijn;EUR-Lex;geldig;2026-09-30;9779;31;bestaat_al
16;Richtlijn (EU) 2019/2161 – modernisering consumentenbescherming (Omnibus);16_richtlijn_eu_20192161_modernisering_consumentenbescherming_omnibus.md;https://eur-lex.europa.eu/eli/dir/2019/2161/oj;;Wetgeving;richtlijn;EUR-Lex;geldig;2026-09-30;14836;16;bestaat_al
17;Richtlijn 2013/11/EU – alternatieve geschillenbeslechting;17_richtlijn_201311eu_alternatieve_geschillenbeslechting.md;https://eur-lex.europa.eu/eli/dir/2013/11/oj;;Wetgeving;richtlijn;EUR-Lex;geldig (verifieer wijzigingen);2026-09-30;13356;33;bestaat_al
18;Verordening (EU) 2016/679 – AVG;18_verordening_eu_2016679_avg.md;https://eur-lex.europa.eu/eli/reg/2016/679/oj;;Wetgeving;verordening;EUR-Lex;geldig;2026-09-30;56147;125;bestaat_al
19;Verordening (EU) 2018/302 – geoblocking;19_verordening_eu_2018302_geoblocking.md;https://eur-lex.europa.eu/eli/reg/2018/302/oj;;Wetgeving;verordening;EUR-Lex;geldig;2026-09-30;10133;11;bestaat_al
20;Verordening (EU) 2022/612 – roaming;20_verordening_eu_2022612_roaming.md;https://eur-lex.europa.eu/eli/reg/2022/612/oj;;Wetgeving;verordening;EUR-Lex;geldig;2026-09-30;23919;24;bestaat_al
21;Verordening (EU) 2017/2394 – samenwerking consumentenbescherming;21_verordening_eu_20172394_samenwerking_consumentenbescherming.md;https://eur-lex.europa.eu/eli/reg/2017/2394/oj;;Wetgeving;verordening;EUR-Lex;geldig (verifieer wijzigingen);2026-09-30;16536;49;bestaat_al
22;Verordening (EU) 2016/399 – Schengengrenscode;22_verordening_eu_2016399_schengengrenscode.md;https://eur-lex.europa.eu/eli/reg/2016/399/oj;;Wetgeving;verordening;EUR-Lex;geldig (geconsolideerde versie gebruiken);2026-09-30;24077;57;bestaat_al
23;Verordening (EU) 2017/2226 – Inreis-/uitreissysteem (EES);23_verordening_eu_20172226_inreis_uitreissysteem_ees.md;https://eur-lex.europa.eu/eli/reg/2017/2226/oj;;Wetgeving;verordening;EUR-Lex;"geldig; invoering gefaseerd (verifieer)";2026-09-30;39813;87;bestaat_al
24;Verordening (EU) 2018/1240 – ETIAS;24_verordening_eu_20181240_etias.md;https://eur-lex.europa.eu/eli/reg/2018/1240/oj;;Wetgeving;verordening;EUR-Lex;"geldig; startdatum verifiëren";2026-09-30;45182;115;bestaat_al
25;Interpretatieve richtsnoeren bij Verordening 261/2004 (PB C 214, 2016);25_interpretatieve_richtsnoeren_bij_verordening_2612004_pb_c_214_2016.md;https://eur-lex.europa.eu/legal-content/EN/TXT/?uri=CELEX:52016XC0615(01);;Wetgeving;richtsnoer;EUR-Lex;verifieer of er een nieuwere versie is;2026-09-30;13206;0;bestaat_al
26;Richtlijn 2000/31/EG – elektronische handel;26_richtlijn_200031eg_elektronische_handel.md;https://eur-lex.europa.eu/eli/dir/2000/31/oj;;Wetgeving;richtlijn;EUR-Lex;geldig;2026-09-30;10637;28;bestaat_al
27;Your Europe – Rechten luchtreizigers;27_your_europe_rechten_luchtreizigers.md;https://europa.eu/youreurope/citizens/travel/passenger-rights/air/index_en.htm;;Officiële voorlichting;voorlichtingspagina;Europese Commissie;controleer datum;2026-09-30;5928;49;bestaat_al
28;Your Europe – Rechten treinreizigers;28_your_europe_rechten_treinreizigers.md;https://europa.eu/youreurope/citizens/travel/passenger-rights/rail/index_en.htm;;Officiële voorlichting;voorlichtingspagina;Europese Commissie;controleer datum;2026-09-30;3720;25;bestaat_al
29;Your Europe – Rechten bus- en touringcarreizigers;29_your_europe_rechten_bus_en_touringcarreizigers.md;https://europa.eu/youreurope/citizens/travel/passenger-rights/bus-and-coach/index_en.htm;;Officiële voorlichting;voorlichtingspagina;Europese Commissie;controleer datum;2026-09-30;1546;15;bestaat_al
30;Your Europe – Rechten reizigers over zee;30_your_europe_rechten_reizigers_over_zee.md;https://europa.eu/youreurope/citizens/travel/passenger-rights/ship/index_en.htm;;Officiële voorlichting;voorlichtingspagina;Europese Commissie;controleer datum;2026-09-30;2280;23;bestaat_al
31;Consumentenbond – Vlucht geannuleerd: rechten en keuzes;31_consumentenbond_vlucht_geannuleerd_rechten_en_keuzes.md;https://www.consumentenbond.nl/juridisch-advies/vliegen-vluchtvertraging/vlucht-geannuleerd;;Consumenteninformatie;voorlichtingspagina;Consumentenbond;controleer datum;2026-09-30;1656;23;bestaat_al
32;Consumentenbond – Geld terug na geannuleerde vlucht;32_consumentenbond_geld_terug_na_geannuleerde_vlucht.md;https://www.consumentenbond.nl/juridisch-advies/vliegen-vluchtvertraging/geld-terug-na-annulering-vlucht;;Consumenteninformatie;voorlichtingspagina;Consumentenbond;actueel (pagina vermeldt bijgewerkt op 25 maart 2026);2026-09-30;640;8;bestaat_al
33;ACM – Consument kan bij annulering vlucht geld altijd terugvragen;33_acm_consument_kan_bij_annulering_vlucht_geld_altijd_terugvragen.md;https://www.acm.nl/nl/publicaties/consument-kan-bij-annulering-vlucht-geld-altijd-terugvragen-bij-luchtvaartmaatschappij;;Officiële voorlichting;nieuwsbericht;ACM;waarschijnlijk verouderd (coronaperiode);2026-09-30;451;1;bestaat_al
34;Consumentenbond – Bagage kwijt, vertraagd of beschadigd;34_consumentenbond_bagage_kwijt_vertraagd_of_beschadigd.md;https://www.consumentenbond.nl/juridisch-advies/vliegen-vluchtvertraging/bagage-kwijt-vertraagd-of-beschadigd;;Consumenteninformatie;voorlichtingspagina;Consumentenbond;actueel (pagina vermeldt bijgewerkt op 1 juli 2026);2026-09-30;1043;11;bestaat_al
35;Consumentenbond – Klacht over vliegmaatschappij;35_consumentenbond_klacht_over_vliegmaatschappij.md;https://www.consumentenbond.nl/juridisch-advies/vliegen-vluchtvertraging/klacht-over-vliegmaatschappij;;Officiële voorlichting;voorlichtingspagina;Consumentenbond;actueel (pagina vermeldt bijgewerkt op 1 juli 2026);2026-09-30;477;6;bestaat_al
36;Radar (AVROTROS) – Problemen met bagage: wat zijn je rechten?;36_radar_avrotros_problemen_met_bagage_wat_zijn_je_rechten.md;https://radar.avrotros.nl/artikel/problemen-met-bagage-wat-zijn-je-rechten-33189;;Consumenteninformatie;artikel;AVROTROS Radar;controleer datum;2026-09-30;533;6;bestaat_al
37;Europese Commissie – akkoord herziene passagiersrechten luchtvaart (15 juni 2026);37_europese_commissie_akkoord_herziene_passagiersrechten_luchtvaart_15_juni_2026.md;https://transport.ec.europa.eu/news-events/news/commission-welcomes-landmark-agreement-revised-air-passenger-rights-2026-06-15_en;;Officiële voorlichting;persbericht;Europese Commissie;actueel;2026-09-30;715;9;bestaat_al
38;Verordening (EU) 2017/1128 – overdraagbaarheid van onlinecontentdiensten;38_verordening_eu_20171128_overdraagbaarheid_van_onlinecontentdiensten.md;https://eur-lex.europa.eu/eli/reg/2017/1128/oj;https://publications.europa.eu/resource/celex/32017R1128;Wetgeving;verordening;EUR-Lex;geldig;2026-09-30;7739;11;ok
39;KLM – Passagiersrechten (annulering, vertraging, instapweigering);39_klm_passagiersrechten_annulering_vertraging_instapweigering.md;https://www.klm.nl/information/legal/passenger-rights;;Bedrijfs-KB (gebruiksvoorwaarden checken);helpcentrum-artikel;KLM;controleer datum;2026-09-30;1854;14;bestaat_al
40;Radar (AVROTROS) – Consumententip: vertraging op het vliegveld;40_radar_avrotros_consumententip_vertraging_op_het_vliegveld.md;https://radar.avrotros.nl/artikelen/8491;;Consumenteninformatie;artikel;AVROTROS Radar;"waarschijnlijk oud artikel (noemt aswolk-vulkaan, rond 2010); datum controleren";2026-09-30;1408;4;bestaat_al
41;Verordening (EU) 2021/1230 – grensoverschrijdende betalingen;41_verordening_eu_20211230_grensoverschrijdende_betalingen.md;https://eur-lex.europa.eu/eli/reg/2021/1230/oj;https://publications.europa.eu/resource/celex/32021R1230;Wetgeving;verordening;EUR-Lex;geldig;2026-09-30;5797;16;ok
42;Verordening (EU) 2018/1806 – lijst van visumplichtige derde landen;42_verordening_eu_20181806_lijst_van_visumplichtige_derde_landen.md;https://eur-lex.europa.eu/eli/reg/2018/1806/oj;;Wetgeving;verordening;EUR-Lex;geldig (wordt vaak gewijzigd, verifieer);2026-09-30;9856;15;bestaat_al
43;Verordening (EU) 2019/1157 – identiteitskaarten en verblijfsdocumenten;43_verordening_eu_20191157_identiteitskaarten_en_verblijfsdocumenten.md;https://eur-lex.europa.eu/eli/reg/2019/1157/oj;;Wetgeving;verordening;EUR-Lex;geldig;2026-09-30;7378;21;bestaat_al
44;Verordening (EU) 2021/953 – EU digitaal COVID-certificaat;44_verordening_eu_2021953_eu_digitaal_covid_certificaat.md;https://eur-lex.europa.eu/eli/reg/2021/953/oj;;Wetgeving;verordening;EUR-Lex;verlopen (toepassing eindigde 30 juni 2023, verifieer);2026-09-30;14547;17;bestaat_al
45;Verordening (EG) 785/2004 – verzekeringseisen luchtvaartmaatschappijen;45_verordening_eg_7852004_verzekeringseisen_luchtvaartmaatschappijen.md;https://eur-lex.europa.eu/eli/reg/2004/785/oj;;Wetgeving;verordening;EUR-Lex;geldig;2026-09-30;3440;11;bestaat_al
46;Verordening (EG) 593/2008 – Rome I, toepasselijk recht op overeenkomsten;46_verordening_eg_5932008_rome_i_toepasselijk_recht_op_overeenkomsten.md;https://eur-lex.europa.eu/eli/reg/2008/593/oj;;Wetgeving;verordening;EUR-Lex;geldig;2026-09-30;8806;33;bestaat_al
47;Verordening (EU) 1215/2012 – bevoegdheid en erkenning (Brussel I bis);47_verordening_eu_12152012_bevoegdheid_en_erkenning_brussel_i_bis.md;https://eur-lex.europa.eu/eli/reg/2012/1215/oj;;Wetgeving;verordening;EUR-Lex;geldig;2026-09-30;16893;105;bestaat_al
48;Richtlijn (EU) 2020/1828 – representatieve vorderingen;48_richtlijn_eu_20201828_representatieve_vorderingen.md;https://eur-lex.europa.eu/eli/dir/2020/1828/oj;;Wetgeving;richtlijn;EUR-Lex;geldig;2026-09-30;17224;29;bestaat_al
49;Verordening (EU) 524/2013 – ODR-platform voor onlinegeschillen;49_verordening_eu_5242013_odr_platform_voor_onlinegeschillen.md;https://eur-lex.europa.eu/eli/reg/2013/524/oj;;Wetgeving;verordening;EUR-Lex;waarschijnlijk ingetrokken (verifieer);2026-09-30;8302;25;bestaat_al
50;Richtlijn 2008/122/EG – timesharing en vakantieproducten;50_richtlijn_2008122eg_timesharing_en_vakantieproducten.md;https://eur-lex.europa.eu/eli/dir/2008/122/oj;;Wetgeving;richtlijn;EUR-Lex;geldig (verifieer);2026-09-30;9693;20;bestaat_al
