config;query_id;top1_score;answerable;hit;recall;mrr
fixed_256;q01;0.7615945339202881;True;1.0;1.0;0.25
fixed_256;q02;0.7362340092658997;True;0.0;0.0;0.0
fixed_256;q03;0.6678733229637146;True;1.0;1.0;0.3333333333333333
fixed_256;q04;0.6842522025108337;True;0.0;0.0;0.0
fixed_256;q05;0.6974040269851685;True;0.0;0.0;0.0
fixed_256;q06;0.7138736844062805;True;0.0;0.0;0.0
fixed_256;q07;0.6879934072494507;True;1.0;1.0;1.0
fixed_256;q08;0.7213340401649475;True;0.0;0.0;0.0
fixed_256;q09;0.6775448322296143;False;;;
fixed_256;q10;0.48036089539527893;False;;;
recursive_256;q01;0.78700852394104;True;0.0;0.0;0.0
recursive_256;q02;0.7362340092658997;True;1.0;1.0;0.5
recursive_256;q03;0.6678733229637146;True;1.0;1.0;0.3333333333333333
recursive_256;q04;0.6982814073562622;True;0.0;0.0;0.0
recursive_256;q05;0.6949764490127563;True;0.0;0.0;0.0
recursive_256;q06;0.7073253393173218;True;0.0;0.0;0.0
recursive_256;q07;0.6744981408119202;True;1.0;1.0;0.2
recursive_256;q08;0.7220185399055481;True;0.0;0.0;0.0
recursive_256;q09;0.6775448322296143;False;;;
recursive_256;q10;0.47416695952415466;False;;;
semantic_256;q01;0.78700852394104;True;1.0;1.0;0.2
semantic_256;q02;0.7362340092658997;True;1.0;1.0;0.5
semantic_256;q03;0.6700793504714966;True;1.0;1.0;1.0
semantic_256;q04;0.6982814073562622;True;0.0;0.0;0.0
semantic_256;q05;0.6949763298034668;True;0.0;0.0;0.0
semantic_256;q06;0.7219504117965698;True;0.0;0.0;0.0
semantic_256;q07;0.6894887685775757;True;1.0;1.0;1.0
semantic_256;q08;0.7218594551086426;True;0.0;0.0;0.0
semantic_256;q09;0.6775448322296143;False;;;
semantic_256;q10;0.4741670489311218;False;;;
hierarchical_256;q01;0.7930822968482971;True;1.0;1.0;0.2
hierarchical_256;q02;0.7543684244155884;True;0.0;0.0;0.0
hierarchical_256;q03;0.6946468353271484;True;1.0;1.0;1.0
hierarchical_256;q04;0.6933320760726929;True;0.0;0.0;0.0
hierarchical_256;q05;0.6943485736846924;True;0.0;0.0;0.0
hierarchical_256;q06;0.703088641166687;True;0.0;0.0;0.0
hierarchical_256;q07;0.668777346611023;True;0.0;0.0;0.0
hierarchical_256;q08;0.732768177986145;True;0.0;0.0;0.0
hierarchical_256;q09;0.6114164590835571;False;;;
hierarchical_256;q10;0.47579139471054077;False;;;
fixed_512;q01;0.7908989787101746;True;1.0;1.0;0.25
fixed_512;q02;0.7362340092658997;True;1.0;1.0;0.5
fixed_512;q03;0.678797721862793;True;1.0;1.0;1.0
fixed_512;q04;0.6917716264724731;True;0.0;0.0;0.0
fixed_512;q05;0.6949763298034668;True;0.0;0.0;0.0
fixed_512;q06;0.7094619274139404;True;0.0;0.0;0.0
fixed_512;q07;0.6714953780174255;True;1.0;1.0;1.0
fixed_512;q08;0.7246335744857788;True;0.0;0.0;0.0
fixed_512;q09;0.6775448322296143;False;;;
fixed_512;q10;0.47416695952415466;False;;;
recursive_512;q01;0.7908992171287537;True;1.0;1.0;0.25
recursive_512;q02;0.7362340092658997;True;1.0;1.0;0.5
recursive_512;q03;0.678797721862793;True;1.0;1.0;1.0
recursive_512;q04;0.6927531957626343;True;0.0;0.0;0.0
recursive_512;q05;0.6949763298034668;True;0.0;0.0;0.0
recursive_512;q06;0.701721727848053;True;0.0;0.0;0.0
recursive_512;q07;0.6718918085098267;True;1.0;1.0;1.0
recursive_512;q08;0.7240762710571289;True;0.0;0.0;0.0
recursive_512;q09;0.6775448322296143;False;;;
recursive_512;q10;0.47416695952415466;False;;;
semantic_512;q01;0.7908992171287537;True;1.0;1.0;0.25
semantic_512;q02;0.7362340092658997;True;1.0;1.0;0.5
semantic_512;q03;0.678797721862793;True;1.0;1.0;1.0
semantic_512;q04;0.6853310465812683;True;0.0;0.0;0.0
semantic_512;q05;0.6949763298034668;True;0.0;0.0;0.0
semantic_512;q06;0.6917532682418823;True;0.0;0.0;0.0
semantic_512;q07;0.6718918085098267;True;1.0;1.0;1.0
semantic_512;q08;0.7162356972694397;True;0.0;0.0;0.0
semantic_512;q09;0.6775448322296143;False;;;
semantic_512;q10;0.4741670489311218;False;;;
hierarchical_512;q01;0.7841900587081909;True;1.0;1.0;0.25
hierarchical_512;q02;0.7543686628341675;True;1.0;1.0;0.25
hierarchical_512;q03;0.7010042667388916;True;1.0;1.0;1.0
hierarchical_512;q04;0.7004488706588745;True;0.0;0.0;0.0
hierarchical_512;q05;0.6899121999740601;True;0.0;0.0;0.0
hierarchical_512;q06;0.6850334405899048;True;0.0;0.0;0.0
hierarchical_512;q07;0.6879703998565674;True;1.0;1.0;1.0
hierarchical_512;q08;0.7165478467941284;True;0.0;0.0;0.0
hierarchical_512;q09;0.6157882213592529;False;;;
hierarchical_512;q10;0.4753648340702057;False;;;
