config;assembly;n_chunks;avg_chunk_tokens;hit@K;recall@K;MRR;context_coverage;avg_context_tokens
fixed_256;A_score;4648;159.9;0.375;0.375;0.198;0.375;982.0
fixed_256;B_volgorde;4648;159.9;0.375;0.375;0.198;0.375;982.0
fixed_256;C_parent;4648;159.9;0.375;0.375;0.198;0.375;1694.0
recursive_256;A_score;4082;167.4;0.375;0.375;0.129;0.375;983.0
recursive_256;B_volgorde;4082;167.4;0.375;0.375;0.129;0.375;983.0
recursive_256;C_parent;4082;167.4;0.375;0.375;0.129;0.375;1755.0
semantic_256;A_score;3900;175.2;0.5;0.5;0.338;0.5;1045.0
semantic_256;B_volgorde;3900;175.2;0.5;0.5;0.338;0.5;1045.0
semantic_256;C_parent;3900;175.2;0.5;0.5;0.338;0.5;1665.0
hierarchical_256;A_score;4082;187.1;0.25;0.25;0.15;0.25;1115.0
hierarchical_256;B_volgorde;4082;187.1;0.25;0.25;0.15;0.25;1115.0
hierarchical_256;C_parent;4082;187.1;0.25;0.25;0.15;0.375;1890.0
fixed_512;A_score;2898;253.3;0.5;0.5;0.344;0.5;1528.0
fixed_512;B_volgorde;2898;253.3;0.5;0.5;0.344;0.5;1528.0
fixed_512;C_parent;2898;253.3;0.5;0.5;0.344;0.5;1623.0
recursive_512;A_score;2597;263.3;0.5;0.5;0.344;0.5;1549.0
recursive_512;B_volgorde;2597;263.3;0.5;0.5;0.344;0.5;1549.0
recursive_512;C_parent;2597;263.3;0.5;0.5;0.344;0.5;1823.0
semantic_512;A_score;2517;271.7;0.5;0.5;0.344;0.5;1605.0
semantic_512;B_volgorde;2517;271.7;0.5;0.5;0.344;0.5;1605.0
semantic_512;C_parent;2517;271.7;0.5;0.5;0.344;0.5;1672.0
hierarchical_512;A_score;2597;283.6;0.5;0.5;0.312;0.5;1611.0
hierarchical_512;B_volgorde;2597;283.6;0.5;0.5;0.312;0.5;1611.0
hierarchical_512;C_parent;2597;283.6;0.5;0.5;0.312;0.5;1811.0
