nr;categorie;titel;type;organisatie;bron_url_of_zoekterm;url_zekerheid;status;opmerking
1;Wetgeving;Verordening (EG) 261/2004 – rechten luchtreizigers;verordening;EUR-Lex;https://eur-lex.europa.eu/eli/reg/2004/261/oj;URL bevestigd via zoekresultaat;"geldig; herziening aangenomen zomer 2026, toepassing verwacht 2027 (verifieer)";"Kerndocument; markeer als 'wordt vervangen'"
2;Wetgeving;Verordening (EG) 1107/2006 – luchtreizigers met beperkte mobiliteit;verordening;EUR-Lex;https://eur-lex.europa.eu/eli/reg/2006/1107/oj;ELI-patroon (nog niet geopend);geldig;
3;Wetgeving;Verordening (EG) 2027/97 – aansprakelijkheid luchtvaartmaatschappijen bij ongevallen;verordening;EUR-Lex;https://eur-lex.europa.eu/eli/reg/1997/2027/oj;ELI-patroon (nog niet geopend);geldig (gewijzigd door 889/2002);
4;Wetgeving;Verordening (EG) 889/2002 – wijziging 2027/97 (Verdrag van Montreal);verordening;EUR-Lex;https://eur-lex.europa.eu/eli/reg/2002/889/oj;ELI-patroon (nog niet geopend);geldig;Bagageschade en vertraging
5;Wetgeving;Verordening (EG) 1008/2008 – exploitatie luchtdiensten (prijstransparantie);verordening;EUR-Lex;https://eur-lex.europa.eu/eli/reg/2008/1008/oj;ELI-patroon (nog niet geopend);geldig;
6;Wetgeving;Verordening (EG) 2111/2005 – identiteit uitvoerende luchtvaartmaatschappij;verordening;EUR-Lex;https://eur-lex.europa.eu/eli/reg/2005/2111/oj;ELI-patroon (nog niet geopend);geldig;
7;Wetgeving;Verordening (EU) 2021/782 – rechten en plichten treinreizigers;verordening;EUR-Lex;https://eur-lex.europa.eu/eli/reg/2021/782/oj;ELI-patroon (nog niet geopend);geldig;
8;Wetgeving;Verordening (EG) 1371/2007 – treinreizigers (oude versie);verordening;EUR-Lex;https://eur-lex.europa.eu/eli/reg/2007/1371/oj;ELI-patroon (nog niet geopend);ingetrokken (vervangen door 2021/782, verifieer datum);Testcase voor verouderde bron
9;Wetgeving;Verordening (EU) 1177/2010 – rechten passagiers over zee en binnenwateren;verordening;EUR-Lex;https://eur-lex.europa.eu/eli/reg/2010/1177/oj;ELI-patroon (nog niet geopend);geldig;
10;Wetgeving;Verordening (EU) 181/2011 – rechten passagiers bus en touringcar;verordening;EUR-Lex;https://eur-lex.europa.eu/eli/reg/2011/181/oj;ELI-patroon (nog niet geopend);geldig;
11;Wetgeving;Richtlijn (EU) 2015/2302 – pakketreizen en gekoppelde reisarrangementen;richtlijn;EUR-Lex;https://eur-lex.europa.eu/eli/dir/2015/2302/oj;ELI-patroon (nog niet geopend);geldig (herziening in voorbereiding, verifieer);
12;Wetgeving;Richtlijn 90/314/EEG – pakketreizen (oude versie);richtlijn;EUR-Lex;https://eur-lex.europa.eu/eli/dir/1990/314/oj;ELI-patroon (nog niet geopend);ingetrokken (vervangen door 2015/2302, verifieer datum);Testcase voor verouderde bron
13;Wetgeving;Richtlijn 2011/83/EU – consumentenrechten;richtlijn;EUR-Lex;https://eur-lex.europa.eu/eli/dir/2011/83/oj;ELI-patroon (nog niet geopend);geldig;
14;Wetgeving;Richtlijn 93/13/EEG – oneerlijke bedingen;richtlijn;EUR-Lex;https://eur-lex.europa.eu/eli/dir/1993/13/oj;ELI-patroon (nog niet geopend);geldig;
15;Wetgeving;Richtlijn 2005/29/EG – oneerlijke handelspraktijken;richtlijn;EUR-Lex;https://eur-lex.europa.eu/eli/dir/2005/29/oj;ELI-patroon (nog niet geopend);geldig;
16;Wetgeving;Richtlijn (EU) 2019/2161 – modernisering consumentenbescherming (Omnibus);richtlijn;EUR-Lex;https://eur-lex.europa.eu/eli/dir/2019/2161/oj;ELI-patroon (nog niet geopend);geldig;
17;Wetgeving;Richtlijn 2013/11/EU – alternatieve geschillenbeslechting;richtlijn;EUR-Lex;https://eur-lex.europa.eu/eli/dir/2013/11/oj;ELI-patroon (nog niet geopend);geldig (verifieer wijzigingen);
18;Wetgeving;Verordening (EU) 2016/679 – AVG;verordening;EUR-Lex;https://eur-lex.europa.eu/eli/reg/2016/679/oj;ELI-patroon (nog niet geopend);geldig;"Passagiersgegevens; erg lang, eventueel per hoofdstuk"
19;Wetgeving;Verordening (EU) 2018/302 – geoblocking;verordening;EUR-Lex;https://eur-lex.europa.eu/eli/reg/2018/302/oj;ELI-patroon (nog niet geopend);geldig;
20;Wetgeving;Verordening (EU) 2022/612 – roaming;verordening;EUR-Lex;https://eur-lex.europa.eu/eli/reg/2022/612/oj;ELI-patroon (nog niet geopend);geldig;
21;Wetgeving;Verordening (EU) 2017/2394 – samenwerking consumentenbescherming;verordening;EUR-Lex;https://eur-lex.europa.eu/eli/reg/2017/2394/oj;ELI-patroon (nog niet geopend);geldig (verifieer wijzigingen);
22;Wetgeving;Verordening (EU) 2016/399 – Schengengrenscode;verordening;EUR-Lex;https://eur-lex.europa.eu/eli/reg/2016/399/oj;ELI-patroon (nog niet geopend);geldig (geconsolideerde versie gebruiken);
23;Wetgeving;Verordening (EU) 2017/2226 – Inreis-/uitreissysteem (EES);verordening;EUR-Lex;https://eur-lex.europa.eu/eli/reg/2017/2226/oj;ELI-patroon (nog niet geopend);"geldig; invoering gefaseerd (verifieer)";
24;Wetgeving;Verordening (EU) 2018/1240 – ETIAS;verordening;EUR-Lex;https://eur-lex.europa.eu/eli/reg/2018/1240/oj;ELI-patroon (nog niet geopend);"geldig; startdatum verifiëren";
25;Wetgeving;Interpretatieve richtsnoeren bij Verordening 261/2004 (PB C 214, 2016);richtsnoer;EUR-Lex;https://eur-lex.europa.eu/legal-content/EN/TXT/?uri=CELEX:52016XC0615(01);ELI-patroon (nog niet geopend), CELEX-nummer uit geheugen;verifieer of er een nieuwere versie is;Zoek ook naar de nieuwere Commissie-richtsnoeren
26;Wetgeving;Richtlijn 2000/31/EG – elektronische handel;richtlijn;EUR-Lex;https://eur-lex.europa.eu/eli/dir/2000/31/oj;ELI-patroon (nog niet geopend);geldig;
27;Officiële voorlichting;Your Europe – Rechten luchtreizigers;voorlichtingspagina;Europese Commissie;https://europa.eu/youreurope/citizens/travel/passenger-rights/air/index_en.htm;URL genoemd in zoekresultaat (niet zelf geopend);controleer datum;
28;Officiële voorlichting;Your Europe – Rechten treinreizigers;voorlichtingspagina;Europese Commissie;https://europa.eu/youreurope/citizens/travel/passenger-rights/rail/index_en.htm;URL genoemd in zoekresultaat (niet zelf geopend);controleer datum;
29;Officiële voorlichting;Your Europe – Rechten bus- en touringcarreizigers;voorlichtingspagina;Europese Commissie;https://europa.eu/youreurope/citizens/travel/passenger-rights/bus-and-coach/index_en.htm;URL genoemd in zoekresultaat (niet zelf geopend);controleer datum;
30;Officiële voorlichting;Your Europe – Rechten reizigers over zee;voorlichtingspagina;Europese Commissie;https://europa.eu/youreurope/citizens/travel/passenger-rights/ship/index_en.htm;URL-patroon afgeleid van de andere pagina's, niet geverifieerd;controleer datum;
31;Consumenteninformatie;Consumentenbond – Vlucht geannuleerd: rechten en keuzes;voorlichtingspagina;Consumentenbond;https://www.consumentenbond.nl/juridisch-advies/vliegen-vluchtvertraging/vlucht-geannuleerd;URL genoemd in zoekresultaat (niet zelf geopend);controleer datum;
32;Consumenteninformatie;Consumentenbond – Geld terug na geannuleerde vlucht;voorlichtingspagina;Consumentenbond;https://www.consumentenbond.nl/juridisch-advies/vliegen-vluchtvertraging/geld-terug-na-annulering-vlucht;URL genoemd in zoekresultaat (niet zelf geopend);actueel (pagina vermeldt bijgewerkt op 25 maart 2026);
33;Officiële voorlichting;ACM – Consument kan bij annulering vlucht geld altijd terugvragen;nieuwsbericht;ACM;https://www.acm.nl/nl/publicaties/consument-kan-bij-annulering-vlucht-geld-altijd-terugvragen-bij-luchtvaartmaatschappij;URL bevestigd via zoekresultaat;waarschijnlijk verouderd (coronaperiode);Testcase voor verouderde bron
34;Consumenteninformatie;Consumentenbond – Bagage kwijt, vertraagd of beschadigd;voorlichtingspagina;Consumentenbond;https://www.consumentenbond.nl/juridisch-advies/vliegen-vluchtvertraging/bagage-kwijt-vertraagd-of-beschadigd;URL genoemd in zoekresultaat (niet zelf geopend);actueel (pagina vermeldt bijgewerkt op 1 juli 2026);
35;Officiële voorlichting;Consumentenbond – Klacht over vliegmaatschappij;voorlichtingspagina;Consumentenbond;https://www.consumentenbond.nl/juridisch-advies/vliegen-vluchtvertraging/klacht-over-vliegmaatschappij;URL genoemd in zoekresultaat (niet zelf geopend);actueel (pagina vermeldt bijgewerkt op 1 juli 2026);"Vervangt ConsuWijzer-zoekterm; geen overheidsbron"
36;Consumenteninformatie;Radar (AVROTROS) – Problemen met bagage: wat zijn je rechten?;artikel;AVROTROS Radar;https://radar.avrotros.nl/artikel/problemen-met-bagage-wat-zijn-je-rechten-33189;URL genoemd in zoekresultaat (niet zelf geopend);controleer datum;"Overlapt inhoudelijk met rij 34; handig om meerbronnen-citaties te testen"
37;Officiële voorlichting;Europese Commissie – akkoord herziene passagiersrechten luchtvaart (15 juni 2026);persbericht;Europese Commissie;https://transport.ec.europa.eu/news-events/news/commission-welcomes-landmark-agreement-revised-air-passenger-rights-2026-06-15_en;URL genoemd in bronvermelding van zoekresultaat, zelf niet geopend;actueel;Handig voor vragen over 'wat verandert er'
38;Wetgeving;Verordening (EU) 2017/1128 – overdraagbaarheid van onlinecontentdiensten;verordening;EUR-Lex;https://eur-lex.europa.eu/eli/reg/2017/1128/oj;ELI-patroon (nog niet geopend);geldig;Vervangt BNNVARA-pagina (gaf 404)
39;Bedrijfs-KB (gebruiksvoorwaarden checken);KLM – Passagiersrechten (annulering, vertraging, instapweigering);helpcentrum-artikel;KLM;https://www.klm.nl/information/legal/passenger-rights;URL genoemd in zoekresultaat (niet zelf geopend);controleer datum;"Eén pagina voor rij 39, 40 en 41 samen; niet apart opknippen"
40;Consumenteninformatie;Radar (AVROTROS) – Consumententip: vertraging op het vliegveld;artikel;AVROTROS Radar;https://radar.avrotros.nl/artikelen/8491;URL genoemd in zoekresultaat (niet zelf geopend);"waarschijnlijk oud artikel (noemt aswolk-vulkaan, rond 2010); datum controleren";Testcase voor verouderde bron
41;Wetgeving;Verordening (EU) 2021/1230 – grensoverschrijdende betalingen;verordening;EUR-Lex;https://eur-lex.europa.eu/eli/reg/2021/1230/oj;ELI-patroon (nog niet geopend);geldig;Vervangt Richtlijn 2004/38 (niet beschikbaar via CELLAR)
42;Wetgeving;Verordening (EU) 2018/1806 – lijst van visumplichtige derde landen;verordening;EUR-Lex;https://eur-lex.europa.eu/eli/reg/2018/1806/oj;ELI-patroon (nog niet geopend);geldig (wordt vaak gewijzigd, verifieer);
43;Wetgeving;Verordening (EU) 2019/1157 – identiteitskaarten en verblijfsdocumenten;verordening;EUR-Lex;https://eur-lex.europa.eu/eli/reg/2019/1157/oj;ELI-patroon (nog niet geopend);geldig;
44;Wetgeving;Verordening (EU) 2021/953 – EU digitaal COVID-certificaat;verordening;EUR-Lex;https://eur-lex.europa.eu/eli/reg/2021/953/oj;ELI-patroon (nog niet geopend);verlopen (toepassing eindigde 30 juni 2023, verifieer);Testcase voor verouderde bron
45;Wetgeving;Verordening (EG) 785/2004 – verzekeringseisen luchtvaartmaatschappijen;verordening;EUR-Lex;https://eur-lex.europa.eu/eli/reg/2004/785/oj;ELI-patroon (nog niet geopend);geldig;
46;Wetgeving;Verordening (EG) 593/2008 – Rome I, toepasselijk recht op overeenkomsten;verordening;EUR-Lex;https://eur-lex.europa.eu/eli/reg/2008/593/oj;ELI-patroon (nog niet geopend);geldig;
47;Wetgeving;Verordening (EU) 1215/2012 – bevoegdheid en erkenning (Brussel I bis);verordening;EUR-Lex;https://eur-lex.europa.eu/eli/reg/2012/1215/oj;ELI-patroon (nog niet geopend);geldig;
48;Wetgeving;Richtlijn (EU) 2020/1828 – representatieve vorderingen;richtlijn;EUR-Lex;https://eur-lex.europa.eu/eli/dir/2020/1828/oj;ELI-patroon (nog niet geopend);geldig;
49;Wetgeving;Verordening (EU) 524/2013 – ODR-platform voor onlinegeschillen;verordening;EUR-Lex;https://eur-lex.europa.eu/eli/reg/2013/524/oj;ELI-patroon (nog niet geopend);waarschijnlijk ingetrokken (verifieer);Testcase voor verouderde bron
50;Wetgeving;Richtlijn 2008/122/EG – timesharing en vakantieproducten;richtlijn;EUR-Lex;https://eur-lex.europa.eu/eli/dir/2008/122/oj;ELI-patroon (nog niet geopend);geldig (verifieer);
